Date,AAPL,JPM,TLT,GLD
2021-01-01,128.98930197819996,122.98608274873469,149.36413824653567,179.7987345385947
2021-01-04,129.4399185870618,123.87713093805304,147.40118163318922,181.0956893285484
2021-01-05,131.45642134135213,125.49734079002151,148.24007371058627,177.89300168222627
2021-01-06,134.8385458511808,126.99879366136932,147.35279459180398,180.1585784062562
2021-01-07,136.20185199574445,126.89092197247217,146.631414342015,180.31812161634443
2021-01-08,137.20507624733128,127.28613507718023,147.35105671972838,179.65400402850088
2021-01-11,140.673906203499,127.42614805813984,146.532764970456,179.5382057076793
2021-01-12,142.001190380509,127.7972339049612,147.29688926779517,179.51009284938527
2021-01-13,138.773986421275,128.2384228440712,148.01816066535116,176.63254044227554
2021-01-14,140.47768732755878,127.53352645121022,148.50445873594336,179.18087725362602
2021-01-15,140.152684854132,127.41688712629448,147.3773277949224,179.28642852571292
2021-01-18,139.92307268288943,125.45857407379881,148.6539602309932,180.074215757758
2021-01-19,138.50088922866317,126.33456031871302,148.83555475951874,181.7366731525062
2021-01-20,133.88150169801725,124.22154237327267,149.0678271173733,180.02723104156493
2021-01-21,132.7969455044982,120.65859693494673,149.72698918384134,180.87034066197205
2021-01-22,131.97242103696,121.36994984839166,148.23634950392832,180.44930267820652
2021-01-25,131.4868797512105,119.57169796941822,148.92859109869948,181.9350055939659
2021-01-26,132.15103324185378,119.13597299618485,147.88176341843655,178.34992906967057
2021-01-27,130.88674921896109,118.45450156386075,146.90221077103737,178.21836599589534
2021-01-28,130.14948050266895,118.22801082683694,145.92033558714883,177.24126199868
2021-01-29,131.83324187881007,118.80862592394567,146.52526253869635,178.0019989427049
2021-02-01,131.74172265246943,118.71110078541425,146.0201268822652,178.82983174464303
2021-02-02,131.30368281665704,119.31286995651278,147.42654256231575,177.67333533638424
2021-02-03,128.58384977522908,118.59400187023182,147.35775642069194,176.5167321746489
2021-02-04,127.43361496593734,118.2770034118572,145.9487913672068,176.367236993342
2021-02-05,128.03845722934705,118.09124724572985,144.90227876993072,174.91398433750638
2021-02-08,125.73748404790565,116.10173479920894,146.37992853231304,176.3461360599162
2021-02-09,128.18868729607732,116.66127565506554,146.13503292423323,175.76686361608108
2021-02-10,126.13953984741335,115.01704743501769,145.81482823733035,171.0384584314082
2021-02-11,125.55998344638259,111.87230064806106,146.0556877869478,170.4675765017299
2021-02-12,124.17238224773754,111.77183540011723,146.70318078415485,168.83640148047954
2021-02-15,129.12808099772408,114.6368028488342,147.2018551756367,166.2868838368429
2021-02-16,129.5108772571928,112.33383859916827,148.56395498766838,164.38649673705123
2021-02-17,129.4639670456939,110.35667043282012,148.55030853452277,164.58918283574636
2021-02-18,128.74730521315973,111.85996044386197,147.0811273717677,166.70161147993213
2021-02-19,127.37056540918971,112.73865728814744,147.06585367558245,167.22884178192172
2021-02-22,129.07188982720447,113.04685217403717,147.25435595853867,166.30620188034558
2021-02-23,126.30704743210335,110.43330517063868,146.94651564812114,167.0573190298203
2021-02-24,125.89883020354199,109.01788175568831,146.4603315140114,166.36720078153337
2021-02-25,125.59891975416299,110.61721947144378,146.72874387359911,165.3116457257392
2021-02-26,128.8239940496093,110.79613870028317,146.47594775526136,163.55072145035848
2021-03-01,132.52902959082982,110.26128345576203,146.46465675632493,160.8976343968073
2021-03-02,131.942899867053,109.75179931892427,145.8088359897141,160.33771853001278
2021-03-03,130.9479665404791,108.61079137013525,145.69367311019087,160.6092199652038
2021-03-04,130.84783384939803,107.36269212551238,145.28542534473263,160.49449039072076
2021-03-05,132.12723080872215,108.28095596221945,146.32156754271415,159.89662439279456
2021-03-08,130.76854271257247,108.21280024731038,147.42336775382944,158.50552667008927
2021-03-09,131.95190386228714,109.07710722637765,145.41960819408115,159.45077601558688
2021-03-10,132.2124060100747,109.20653374975525,144.47982174696276,157.50984215237332
2021-03-11,127.66215343774296,106.08644825285738,143.63821403395056,158.70055638303202
2021-03-12,126.9895002893439,107.29973592871772,142.96700215023608,157.23594088059792
2021-03-15,125.13198339481416,106.9264071192153,143.01041386128006,156.15296214506301
2021-03-16,123.19112965531079,106.17871426453739,141.910763912256,154.0341989443911
2021-03-17,124.16980668559334,109.88739194371175,140.92487697351464,153.33656191642686
2021-03-18,126.16104738683593,111.27857098724549,139.7562274726914,154.7869268557556
2021-03-19,129.90228389832262,111.54798739654701,139.68666698809733,155.57378892556196
2021-03-22,127.31461601804227,110.36671851585426,139.99071966749494,157.04992973303507
2021-03-23,128.3495162835644,111.25455664623463,139.45013545995232,157.8580126009144
2021-03-24,128.67997815145785,111.77277615888063,139.5213272393918,156.25131235307333
2021-03-25,130.24861224885393,111.41147599275911,138.7788514713599,155.7945942281792
2021-03-26,130.59348872145222,111.90960338077757,138.68259035538023,154.68095795328404
2021-03-29,128.8230609653242,111.14046484625538,140.21261121451082,156.66908210490496
2021-03-30,127.78315580063027,111.94700553980364,141.7231845753611,154.93809445910892
2021-03-31,126.31394736884154,111.88277695872054,140.9127097974625,156.28303787388626
2021-04-01,128.3684656675351,112.33508537647253,141.42951109076557,157.63854814285816
2021-04-02,131.01642142083756,115.08335897547693,141.7775561754222,160.41936874433648
2021-04-05,134.62335633479233,115.15440616363298,140.7843113704576,159.8312672656649
2021-04-06,135.42908380488228,117.15446391140652,141.2369263257648,160.942619948426
2021-04-07,135.35342435631208,118.1186655863672,142.51719295936527,164.48278259832927
2021-04-08,133.51764457218124,116.63930890501344,141.70402683210241,163.5580784430834
2021-04-09,133.40666088370062,116.43464785875997,140.79389680198847,161.234816957613
2021-04-12,135.06919574179327,119.21429931444348,141.27251214723404,158.42729484808427
2021-04-13,136.92320332605973,118.90378756792597,141.53282864877156,159.529473000083
2021-04-14,141.85575881612783,120.24164564939626,141.58998184330503,156.74699436948075
2021-04-15,136.73396391555949,116.53237854253629,142.64791727172633,156.22750855155888
2021-04-16,136.95869433601618,117.91557500537881,142.7729880728977,156.9055397899105
2021-04-19,137.9478962023748,120.25432936620903,141.56866117220306,157.2115143704369
2021-04-20,136.75014657572856,118.8865783233537,142.59941150768574,157.8761101917786
2021-04-21,137.99111485991003,119.08960383634782,143.63604452831055,158.23946186918258
2021-04-22,135.16965932753575,118.52329256262571,144.00842303565562,160.19503248113924
2021-04-23,132.70656231283616,118.28499333585778,144.04075833545392,158.79147994664135
2021-04-26,135.69919337258074,119.21961460012001,142.56471761716142,157.8102409468049
2021-04-27,141.0237448948642,119.76910145473937,142.613591474403,156.69335957234296
2021-04-28,139.33887486817872,119.74272006347603,143.2853399705622,157.95872421255348
2021-04-29,137.53634669114635,118.75771002612026,143.4694749963145,159.33997696457428
2021-04-30,137.27328844843277,119.33440770129181,144.64285236619293,160.05255508542137
2021-05-03,139.4353214310558,121.66932401648093,144.0832664278717,161.88457920918796
2021-05-04,141.14120846668166,124.93208828700384,144.5101287082892,160.1243306590077
2021-05-05,143.52645956692658,125.05844194692203,143.74557353680714,162.6991483708584
2021-05-06,144.26951654246227,126.08302888665429,143.58526422970172,165.09060503789127
2021-05-07,143.3089747046557,126.4940765139339,143.40827016406845,166.2751309701036
2021-05-10,142.93305508766218,127.2896855409979,143.34247006619285,169.1318624179485
2021-05-11,140.73085396173727,126.95071901829927,143.21858299049353,166.53799081167503
2021-05-12,140.26133075864573,126.33178273111345,143.2022816916489,165.74762498235586
2021-05-13,142.52827656197533,126.15801147789202,144.07083091406938,164.63266973769277
2021-05-14,139.38325128880646,126.04644996243897,144.10465139543203,165.7917528038439
2021-05-17,140.35894779745436,125.34946121666462,142.57755596411562,164.18732720940818
2021-05-18,140.90838257014167,126.99841844622856,144.0909048024041,165.39955367353446
2021-05-19,142.9117510417949,128.5738365431393,145.35740143447623,167.58871386993366
2021-05-20,146.67574268172567,128.25463418899616,144.25510276937797,168.7267105621961
2021-05-21,143.50111845889248,124.36653151933497,145.30250623731627,169.21327754752326
2021-05-24,142.14600887327452,123.31642787628427,144.9733183581853,167.67436646496657
2021-05-25,143.33839257598186,124.43387468637462,145.3222956245275,166.37099875139313
2021-05-26,143.17294060243054,123.59611350697753,145.83429978641124,168.38052171136047
2021-05-27,145.9743788023666,122.41554174991698,145.67469697918355,169.6587381633231
2021-05-28,147.77224010520044,122.39737500874966,144.84869563002871,169.62984992792568
2021-05-31,150.70146337664826,125.50291609765782,143.68542987299807,168.99485124827595
2021-06-01,152.14931062354592,126.39207180725123,142.81710429235733,165.82360054733752
2021-06-02,154.64474155922343,126.50304165299805,142.00592472576983,164.1867311185647
2021-06-03,156.05950070676573,126.09405257348146,141.97536209192936,167.21225775329168
2021-06-04,153.50904699699552,123.5901661333553,141.88846086576106,165.23409974470735
2021-06-07,155.42379670063104,122.64135549853444,142.5153711504166,165.56304907093718
2021-06-08,157.70462651801478,124.55152166621097,143.8480046662941,167.17981118890702
2021-06-09,165.08736937540655,127.0667913059335,142.62742210950927,165.24189902007973
2021-06-10,166.04736947916584,128.30147523709488,142.9060850418734,165.5634024102023
2021-06-11,166.50154830293476,130.47482128948857,143.27865060285052,167.07036969523864
2021-06-14,166.86092344692088,131.67528922389087,143.72376314830274,167.12325921006448
2021-06-15,166.89957505025427,129.88911845818402,144.1375457781522,171.74896299402744
2021-06-16,167.84744932266247,131.78791778105563,144.49138467791371,169.09581804113256
2021-06-17,170.22110384413116,132.74298094798337,144.72175220654125,170.82984145691998
2021-06-18,171.2645901500191,132.71858657552522,143.3792749946747,170.58497704271866
2021-06-21,169.62144195609875,132.10194226891727,144.4374270503566,171.8678631732612
2021-06-22,175.1165091322763,132.4847752509246,144.8486275022342,172.62028840264222
2021-06-23,172.72335550064776,132.28943989577064,144.56709833412546,171.46258084960706
2021-06-24,174.19940546454345,132.53453439141325,144.44055913281449,171.86809284885967
2021-06-25,176.34641934163767,135.5036037385678,144.43806096998182,168.9107002995707
2021-06-28,175.87013030986034,134.7267426340944,144.5423203396835,169.9099754255721
2021-06-29,176.09458866643092,133.82532663921805,145.69612373894137,170.4231540689888
2021-06-30,180.7328515183165,134.73006493536508,147.8611784837151,171.48875053407292
2021-07-01,179.2068233651414,133.64947917836977,147.28781573200473,173.24631378294768
2021-07-02,176.49697877960602,132.9024658971267,146.47418684207616,173.88365995773023
2021-07-05,177.29782564942272,131.5029108659493,146.74333096859033,174.16170049177467
2021-07-06,178.2930118167784,130.48387322889576,147.73410710975202,172.7520415116796
2021-07-07,179.29206845512448,133.39018380182137,147.38845106617015,171.6273985227206
2021-07-08,178.04106286638321,131.21647763097525,149.02650909002992,173.59722901278118
2021-07-09,182.77759649061457,132.35497881979185,147.32646259594466,176.00428595459334
2021-07-12,181.61398349424286,132.11032032089068,148.21167517217793,175.64357986453632
2021-07-13,180.1973243283396,132.02474507953775,147.7509514440556,175.75481463632144
2021-07-14,182.52909454456307,133.49581311453144,149.12593819640915,174.29347832169344
2021-07-15,182.16814356495237,132.68440138045375,151.3906549588169,176.27062545439398
2021-07-16,180.78321678461967,133.79182784397653,150.60164828794564,177.4176343478369
2021-07-19,184.0864382045427,136.7976478991167,149.6981805937092,180.73785430993794
2021-07-20,179.35243001821715,135.41126411801085,151.00456172667666,179.27961866102422
2021-07-21,182.308033481665,135.43846252293363,150.5900331908048,178.67585105178495
2021-07-22,180.0041709232335,136.65434372383746,150.47761728202943,179.10256800028645
2021-07-23,180.75736385547586,140.0379299413025,150.2754111104195,180.23576726365167
2021-07-26,179.0071591663599,138.41796828028959,148.84564501149217,179.9045364292336
2021-07-27,179.43155739054737,135.70264234780123,149.23505611207315,178.46206591773003
2021-07-28,180.60052495878227,137.77113575810958,148.44179204165195,179.99030597954552
2021-07-29,180.31153455841616,138.08533964853183,147.90225332967907,181.2569241389414
2021-07-30,184.82049599971995,135.8609605646804,149.18746863158523,179.73003714060886
2021-08-02,182.82598996070473,137.39918249952112,147.91748664208242,182.08289942338212
2021-08-03,177.16654282787403,136.00829575241107,148.88830646940247,184.1439568444936
2021-08-04,178.69549213144793,136.2749535677073,148.5666446024694,184.41436717562905
2021-08-05,178.50572546292548,137.12690777890583,148.22690210043353,184.58974407867805
2021-08-06,175.16802630762683,136.56825729607473,149.18853586329317,185.59549167701283
2021-08-09,180.71100389237506,139.8457620998763,148.960395387127,184.1269772863423
2021-08-10,182.40472374876586,139.99837409079655,149.36401401425272,184.21578168559194
2021-08-11,178.87177149621448,139.22635621753182,150.64514203062603,180.54284119461263
2021-08-12,177.92979116668627,139.82447583146023,150.1426604962236,182.08037983998685
2021-08-13,177.73008746394865,139.60238550308605,149.86540542809652,179.44915803752602
2021-08-16,180.8800463966628,141.45418676812204,148.619101451939,182.05272090922998
2021-08-17,183.38708883114464,141.85711064791442,147.5148613514221,181.52173370536727
2021-08-18,185.50159271038848,142.2631390282323,150.53669672959083,181.19498908779678
2021-08-19,185.63504897313703,142.9205514730188,151.4385491178305,180.1591494770335
2021-08-20,183.6210125243261,144.574818036112,150.04007776855934,179.7051271635963
2021-08-23,184.20813917091152,146.2184420399402,148.559665994222,182.16622586676888
2021-08-24,188.53440775383856,151.2676675576995,148.45584905489133,177.96918719954252
2021-08-25,188.66513492244584,150.73727910816694,149.0504544810925,180.16534833873015
2021-08-26,186.64803867544185,149.35723150878044,149.80119261180909,180.77758535866744
2021-08-27,185.561582513068,148.23974978520667,149.8359514106485,178.76294448630784
2021-08-30,181.4092262112997,146.86027617361145,149.97092155278332,176.99088982044285
2021-08-31,184.32516957214392,147.89600635353403,150.31304963159295,179.85250515567108
2021-09-01,185.09049247815108,146.3486868567148,150.30069722491734,178.28819457246072
2021-09-02,188.18723733878545,145.453504318424,148.14082229895575,176.39072915698094
2021-09-03,190.96631273827578,145.2637151379688,147.69072670619013,178.33193398460952
2021-09-06,192.14370029866924,146.60114257473322,146.9055833580424,178.93883581076688
2021-09-07,196.94456083136984,150.88989629689328,146.6495604283668,177.39517961671936
2021-09-08,197.4799679481449,150.49263793602782,149.52139954851367,177.7939371845959
2021-09-09,205.6796315572575,154.09567039670108,149.06361327498536,176.11394217891421
2021-09-10,210.48945297944795,155.1650329803822,148.59222527742412,177.99071419749848
2021-09-13,208.98685117233202,155.66223354022617,149.72285884941954,179.82044174248102
2021-09-14,208.13603842549364,153.01543478916412,150.50968856897856,180.76253451786297
2021-09-15,209.3374536904972,154.1074507480397,150.77187114770157,181.4173166765461
2021-09-16,212.3205254871141,155.22973583356963,151.42594293515074,184.49826702949477
2021-09-17,212.75978627379087,157.02707634840309,153.19057481224024,184.53433051317245
2021-09-20,218.4705793211118,158.06655334136855,151.96821363356813,182.52118917241327
2021-09-21,218.3916364300087,159.47001804337924,152.45350818840788,183.33440102248989
2021-09-22,213.00397956856784,154.63404786562316,151.83230689162446,187.02111367662587
2021-09-23,209.6627188386257,153.55715494687985,152.835902097227,185.27317445307068
2021-09-24,207.1802751376473,152.16304769877155,152.0987083278156,184.67809181681994
2021-09-27,211.47114445005374,150.98528444889774,151.44867568672024,185.44303076334742
2021-09-28,210.69643823354352,152.06140664340305,151.11161887735912,185.38537802515847
2021-09-29,206.74912029209062,152.30028578851355,152.43165845404516,183.70905790880616
2021-09-30,203.10219165766603,152.4546855799639,153.2720978574055,185.7036776094566
2021-10-01,203.22263408594551,154.3782336025945,151.9658599835221,189.85735159765258
2021-10-04,195.96386669479148,155.45195607990854,152.29641264763927,190.24727814385153
2021-10-05,193.11180865521746,157.58792028983825,151.57951967448216,188.6664158724986
2021-10-06,195.05973928947688,160.07418405434,150.37394583258214,185.96204090330755
2021-10-07,194.26206422243018,159.58271866505967,150.5210698373917,186.45289404140382
2021-10-08,196.20244506835525,160.3108229076349,150.13025550258524,188.44528537119407
2021-10-11,195.61955980296463,158.96760662713854,152.28102200254813,189.3308525695387
2021-10-12,198.26363527706684,160.28358762075482,152.3755166585036,189.36412064578934
2021-10-13,200.97063137140748,160.71923760787712,150.74976058847233,188.35002085137324
2021-10-14,195.35378955050396,161.9151921830667,150.63774157108284,186.4532395260571
2021-10-15,196.58343880687136,160.41238827548966,151.90368970963485,187.96702576360514
2021-10-18,199.9154720742757,161.4404966786359,153.7659482319327,189.63464416218895
2021-10-19,200.85422697901947,163.0882028062003,152.08998459294065,186.9220966492469
2021-10-20,202.35257665237316,164.0182936040475,150.15361819418146,189.78899712088747
2021-10-21,212.61793558369283,172.47776365665212,150.7764760058953,190.85916297663076
2021-10-22,209.51487481574173,172.53185922886988,150.98342369997752,193.43840249929485
2021-10-25,212.01391082325017,174.72007174610118,149.82804056168519,191.0386237086752
2021-10-26,213.0521516586136,175.1933058886704,150.05578590623605,188.62637628951907
2021-10-27,212.56909524175745,174.2999754599464,147.40143955568047,188.39842430118432
2021-10-28,211.3129599922703,172.98621645985517,147.5062570900328,189.3331719162373
2021-10-29,217.72237831307083,174.2311441338069,147.59570078778808,192.61255891677018
2021-11-01,217.44951774177963,172.4846317047921,148.69598269679713,193.94040784197398
2021-11-02,215.67733676489163,171.18366078639855,147.828020969334,193.53458415420502
2021-11-03,215.98878540938398,168.44899758916617,148.06022707937862,191.70473719716702
2021-11-04,219.77200286892628,168.56202609318908,147.1841910644775,193.98429203919818
2021-11-05,228.49513692741016,169.95473817840542,146.74894943353286,192.2621855336393
2021-11-08,223.79273791074107,168.35867230036695,146.47821672720946,195.28225710981684
2021-11-09,224.25390157192757,169.63802041134085,145.9103598784904,194.79684883899066
2021-11-10,221.86714022705286,165.1682847584008,145.47494780135645,197.78591636357274
2021-11-11,221.78502561332562,164.12975969728788,146.21945006584167,199.09835037689336
2021-11-12,227.14754459535268,164.76023854911864,146.70113998974978,198.8802436028341
2021-11-15,229.13892793304882,165.4305579918316,146.4742980190732,197.94583465766743
2021-11-16,229.04558014791513,165.8925520104991,146.83439495928258,197.34837480357572
2021-11-17,225.96773050132646,162.23273288387105,145.71749386262582,198.1880231563337
2021-11-18,231.3717025499835,163.5027102773996,145.2536958802742,198.37192247612043
2021-11-19,230.07254877796993,162.31044912891036,145.42861706902463,197.30111954852262
2021-11-22,236.2345176695877,163.7017983039552,147.79422534122128,197.03166075935945
2021-11-23,234.79893429629513,164.18661203027477,146.7578731095535,197.21713427108818
2021-11-24,237.69843376342826,162.25583781100502,148.3196593413889,193.3281670523971
2021-11-25,244.65941821707247,165.0622814898901,148.62414235883455,194.2054825308146
2021-11-26,244.99754046276624,164.95532417647752,148.70725432464172,192.45410392089963
2021-11-29,238.07062151390477,163.62949705767022,150.9829985026266,190.40590774715787
2021-11-30,237.9899751226386,164.0444738518632,151.2898329999036,187.43135228678446
2021-12-01,237.44080302974697,165.93816950831828,151.8710057209018,184.3176041524552
2021-12-02,241.49928190496493,167.23817491301656,151.57053077093673,182.00806818599523
2021-12-03,237.93250494195468,165.12546382273186,152.9946440878225,180.8286343359381
2021-12-06,237.76836832337625,162.8761446254481,154.09950686987085,184.23364979327957
2021-12-07,245.16424010955024,161.14419362669454,153.34744341897974,183.35682261697877
2021-12-08,252.72881276225954,160.25838726660083,151.82420112143367,183.70148904609744
2021-12-09,250.55506709277492,159.016413495742,152.0036087799006,184.43455851210365
2021-12-10,249.8945171220749,159.3575267287221,151.34962282428486,184.69975605647903
2021-12-13,249.041117330551,156.58481311828135,151.44178814179665,184.601271004553
2021-12-14,249.01090729373624,157.00507949928124,152.83549517925974,182.56424810656296
2021-12-15,251.73127781409798,158.9474864624663,151.8676712119983,185.12116281568262
2021-12-16,252.4819774324969,159.8410889012103,151.7127423389213,188.34687842177024
2021-12-17,244.39116817599626,160.40749906251537,152.16039643684735,185.41269850271607
2021-12-20,248.42492633645892,163.13113863358566,152.70426464631214,183.66370502803161
2021-12-21,256.9024574007641,165.99412933785806,149.92929299709644,183.2150956650966
2021-12-22,258.9706308368237,166.34298947855598,149.05808577885986,181.58888093817293
2021-12-23,258.98989161265206,161.10673989349957,149.71969069259225,182.49532819645782
2021-12-24,254.27609512233613,159.49833904053278,151.01091511497006,181.27975775757207
2021-12-27,254.27989816053474,161.1346805880835,150.17160160234732,185.06326333242794
2021-12-28,252.99587260910272,158.8296486603382,148.62581915282718,187.19404826479604
2021-12-29,257.5457617397365,159.38710379409468,149.0835803269494,187.60765085801728
2021-12-30,265.07474013088216,160.71814203530997,148.26696451556023,189.47466834536925
2021-12-31,261.0691130916489,159.17330353287505,147.4417490629066,191.50301043512766
2022-01-03,264.25576623942067,158.2842047185345,146.889156984295,190.52304123264608
2022-01-04,254.30973664093543,154.0650621927008,147.68142944350566,189.09679433246296
2022-01-05,250.9647545116283,153.34953860203888,147.43033212636485,189.27402230926333
2022-01-06,252.89600693299516,151.63816322451956,145.47818780007853,190.85918929092574
2022-01-07,251.17537193902416,151.92351578411768,146.6768346796362,191.14806502315827
2022-01-10,251.97187441516655,154.14076912300726,147.3862874769436,188.3582121871108
2022-01-11,251.9897320221844,152.29631457485706,148.42510376183694,186.9718309008623
2022-01-12,254.74858614474738,152.74660169318526,147.50364240611393,186.87826273652516
2022-01-13,253.63724237321162,153.34351700183706,147.2867193520023,186.7817538187244
2022-01-14,259.4382996235854,156.76137957276364,146.8654085794373,190.3335439778242
2022-01-17,256.6440155344516,155.24446018544302,147.8531278291457,187.89439670332007
2022-01-18,261.2497463576959,156.13720597919257,148.14066639000288,188.83164810255983
2022-01-19,259.9497448082148,156.7547105734088,147.46280761714223,191.54544215225758
2022-01-20,255.2546069668158,153.9193495577366,147.8376305456676,195.73988718633495
2022-01-21,256.84692332610126,154.81206917145886,148.1358883547561,195.03204684931734
2022-01-24,261.0605453781077,155.14764718854866,149.44998134551398,195.97867894671396
2022-01-25,260.99405232667544,154.1315843427918,150.30389621343184,197.07571883444857
2022-01-26,260.39633693837135,154.15647087498542,151.04068727920438,197.479257971378
2022-01-27,261.6593578024695,151.1950591541568,151.24589947478972,197.33404827699906
2022-01-28,254.15865862702378,150.71942086284446,152.5700837449374,198.1879776013245
2022-01-31,259.69905243116415,151.84568651738286,152.77100567290339,193.54052042180246
2022-02-01,259.9092075065937,154.3488904647345,151.47230080973557,194.8305608260694
2022-02-02,255.29973453364656,151.362679133683,153.20514706380698,195.10169663310904
2022-02-03,258.953037440451,156.13256550256332,153.2341604687142,194.73061975281718
2022-02-04,249.61116958152306,152.34756407851066,153.413903470926,198.57296388039646
2022-02-07,252.6070488851889,153.54828605996104,153.0066854607831,197.34974194188808
2022-02-08,253.33031708926785,155.04947586665804,153.12158511998905,196.6385352886569
2022-02-09,255.40262590140728,154.66180473452852,153.49179819226498,200.4137580206858
2022-02-10,253.61232414404944,156.32858845477227,153.88328181152892,198.88369209690177
2022-02-11,254.55666667950436,154.5050784540635,154.25865280166394,197.8918172614724
2022-02-14,253.51159932472584,155.17646619373173,156.08247158251854,197.65629865189254
2022-02-15,248.4269354255543,155.82752865362013,157.3342300009972,199.27230650995824
2022-02-16,253.98673785334398,156.20179672036952,157.2651337214115,199.70359167304323
2022-02-17,253.93499821031907,158.74658003360722,158.09685424548965,197.31836234605643
2022-02-18,247.78438239416306,157.5171798146601,157.29899553252795,196.36759144280165
2022-02-21,249.53267105485784,159.30869425123873,157.41961972303653,195.2826159768015
2022-02-22,254.8759628635654,160.22388800874322,159.13565018056045,195.17889815713053
2022-02-23,260.0462250585998,161.31681555509817,158.6684408989263,196.0047358583113
2022-02-24,261.262764023327,163.50676599235732,157.6341663864181,196.81986255314825
2022-02-25,257.92884524701594,163.54008929358764,157.25775480113893,193.58284999155495
2022-02-28,255.53799978300987,160.33457861513637,156.36633822864457,195.5776126370727
2022-03-01,264.06304505452255,163.39301207834632,155.37204036070892,196.0838277106322
2022-03-02,267.3819085611008,162.00979111197327,154.82985847142368,198.70538911142395
2022-03-03,268.84182299807094,163.5701066033649,153.48048687080006,199.5807593930695
2022-03-04,272.55601762652566,165.48839345158265,153.46863542836206,201.70856334040496
2022-03-07,277.76176396636964,165.90999658491776,153.9586017486788,202.63994847085448
2022-03-08,275.27331926669945,164.54187441053307,153.27100214533613,205.2748477312084
2022-03-09,276.75159789879797,163.8586878184355,154.58483699585034,206.33127726441055
2022-03-10,276.1267341270565,163.35995238407605,155.1549310776788,206.18137029562413
2022-03-11,275.5564944276493,162.70636759136426,156.24270984365978,210.69827256979062
2022-03-14,281.7315285569132,165.56749345443527,155.26419600329172,212.5178842778091
2022-03-15,284.97101545154555,168.85330776454876,155.8539536416822,213.7155518774949
2022-03-16,290.3773913206503,172.3155730788733,154.5430758343988,211.19553353332952
2022-03-17,294.9814855329725,173.6055551877115,155.01610079131095,208.68155996542612
2022-03-18,295.5939580205169,173.43389152900545,155.18663876711395,209.30107540529963
2022-03-21,291.80837326555564,172.04470759518742,155.52536081797385,209.63066124463737
2022-03-22,293.9562453801792,170.46358386720271,154.48281209976332,208.45907233599596
2022-03-23,296.51441716696,172.53760344517008,153.52372978268335,208.77837866925708
2022-03-24,299.61292468835853,174.92526802413892,154.15162013107076,211.97807010113368
2022-03-25,290.8135574437666,173.2980073030143,153.21278229415822,213.41789134778602
2022-03-28,300.0057542504866,173.4363881244945,153.48676596560446,211.17117711856002
2022-03-29,296.9011972299411,172.238622500799,152.42881168148702,210.99065087891645
2022-03-30,308.4870505233117,176.064420832308,152.6144714315464,209.4334480040135
2022-03-31,301.59920828374123,173.35171971694015,151.74809284207157,208.7090154126747
2022-04-01,299.5373696305705,172.22497000796625,152.65621761356334,207.93616282999784
2022-04-04,300.5093705577075,173.41933101599471,152.91349660419746,207.04086915301716
2022-04-05,301.586755393682,174.7535809834741,152.01190682862597,204.6404849322304
2022-04-06,310.6300359215738,176.70444787479337,152.3889422045511,204.43434995954323
2022-04-07,312.6223514734476,177.8351726572943,152.45646373046077,203.3946265853486
2022-04-08,313.6259915339648,177.25070939272453,151.95253891115874,197.88099007101292
2022-04-11,313.5569326735452,175.77241049825324,151.2703278845163,201.79714591243211
2022-04-12,315.8635191891151,175.872590353247,149.39779982722223,203.92438912244657
2022-04-13,314.1271150887434,174.3507358890885,149.93899407037375,203.24090277908041
2022-04-14,319.41069532178625,175.60366110967493,148.18773985409845,203.31738371070006
2022-04-15,327.7212622254292,177.98007074466295,148.32914494790194,201.11875297212032
2022-04-18,324.59476292089164,177.65718690918044,148.33663193820894,204.40780288827747
2022-04-19,324.3726592176541,176.8008996041637,149.07719330940444,208.1467038251825
2022-04-20,330.09676184072225,178.67240814620453,148.67975901568184,208.49648179260208
2022-04-21,332.2087879100528,177.36385495634428,148.54766680822325,210.56450335278433
2022-04-22,333.59844959065424,178.00579909418462,149.4885402189711,210.95540332470918
2022-04-25,337.26158519249987,179.09852563538917,149.74024249249558,208.34894557756934
2022-04-26,334.338261214981,179.44365977392886,149.9741260219785,207.58094181927976
2022-04-27,338.6719868935069,179.45313984685683,150.57959697818416,207.88111618030695
2022-04-28,332.8518702723583,176.35301790315592,149.27940585901027,207.03124004063966
2022-04-29,335.2155094404324,175.0910088799856,149.93202509739618,206.64493557072203
2022-05-02,327.02504333452157,171.12777966838703,150.95706104260768,206.50751447259893
2022-05-03,321.6279256672882,169.29975093670285,150.425042835903,206.39070200444897
2022-05-04,320.3305846046079,170.91237384559022,150.41878131344635,206.53361696760874
2022-05-05,320.9515066237551,174.09045320853534,150.4546347863306,204.51469477816622
2022-05-06,323.9623839108858,175.6805142384902,150.24264059375216,203.1740654566275
2022-05-09,335.9883266739722,178.93616996733556,150.12421425274414,200.76263890077146
2022-05-10,341.49168034206286,177.59951073542595,151.2332788883606,202.66638640494034
2022-05-11,340.2456029463106,176.61505280454477,152.3250847524539,198.7133094014292
2022-05-12,344.13114633956434,175.47921469993915,151.0857911260338,200.93107655843895
2022-05-13,344.83305087628327,173.06881692437594,151.99241337269834,203.62094033218187
2022-05-16,340.4473083550061,172.89882886249944,153.28488362107032,203.0806527415094
2022-05-17,341.8381628176641,171.8482928456217,153.75665711237733,198.1856630567989
2022-05-18,346.1578831541396,169.47875473121366,154.72623743442227,197.5493906538626
2022-05-19,341.94267913902485,169.44786078632248,156.96878548999103,197.4687929976188
2022-05-20,349.67223927902586,168.75121223169333,157.82961824300665,195.630899655986
2022-05-23,355.91436502073884,171.57096102720408,157.60314801641874,194.71944428300432
2022-05-24,356.28273704184494,174.68364966283536,158.6880235063893,197.5945439914673
2022-05-25,357.66345057268745,174.01659056680097,158.71473798475785,198.879389360101
2022-05-26,361.04448247685383,171.3509385413989,158.52904485471097,197.1886057557704
2022-05-27,355.33338677753756,170.41680776351262,158.31482468070294,194.27276560823395
2022-05-30,351.0138725243292,172.54196041944317,159.81949991233628,193.71181585343157
2022-05-31,357.63390753768545,175.68482345384757,159.00303652835737,193.35985859005123
2022-06-01,355.06481084673794,174.05892929103632,160.52344464350008,194.30713152164893
2022-06-02,348.29519646295665,173.7268309858787,161.28837625450421,193.3651179582412
2022-06-03,340.5496232655355,173.16898214558805,159.87450225534587,194.34051141904982
2022-06-06,340.51125448075794,173.90033130959299,160.09512510067137,197.9660860797382
2022-06-07,341.80193957559055,180.4638283352309,157.5426172399688,199.5370446681047
2022-06-08,352.4114725270719,179.7515592475978,157.8707789120163,199.48597351579448
2022-06-09,366.0335747789537,183.80196706837125,158.08074713542675,199.18055582845375
2022-06-10,360.2816138765334,183.4137033656515,157.74317112620645,198.5497895121921
2022-06-13,373.5828658132964,186.7624936035362,157.6001130812284,200.81705473645275
2022-06-14,378.84158352038435,187.35753730318592,159.5030897156573,199.66983470459877
2022-06-15,387.90872850922875,191.73429967533986,158.31026820687129,199.79481263473696
2022-06-16,374.08100942810006,189.8147663895047,157.52150421751057,199.93115663899604
2022-06-17,380.1653237760606,188.95926981786295,159.27528814132302,199.02492899994874
2022-06-20,372.0581467258116,187.49967431792552,161.4596146349504,196.4995066256843
2022-06-21,356.51625099278687,185.08415640405266,162.16026994471287,197.13921521835016
2022-06-22,358.6327128883946,183.7334368715201,163.378132053059,197.0647066071804
2022-06-23,365.4173661631399,183.21243725279666,165.02469998981599,198.03769187352185
2022-06-24,372.061925280883,183.53559641348875,164.21494478561215,197.08078864331364
2022-06-27,376.2798429605678,186.0623985488674,163.61148196820258,199.40697342907637
2022-06-28,387.7492889430203,189.2712566402409,164.27717479429458,197.80100660349683
2022-06-29,396.2824896464222,188.06077272782716,165.72468437443885,201.0667979507503
2022-06-30,397.23423136970825,189.30679705476064,166.5151930272089,197.81296852187432
2022-07-01,394.5714409437994,186.41255387697774,165.9024760695207,198.66670761388303
2022-07-04,397.7434476808838,186.28740510812065,167.83689418604757,199.600804591768
2022-07-05,391.5955742401235,183.24465226128694,167.72862595012452,198.14528017349602
2022-07-06,397.3631800893849,188.68774699924992,166.77278416702612,198.9809434070492
2022-07-07,402.16604132681744,187.26794023678477,166.74888617723138,201.44125210675273
2022-07-08,392.88897952415374,191.83910239307767,168.55745897890415,197.30469907456572
2022-07-11,384.84498173915864,190.79874331476947,170.05833992063037,198.28356135839874
2022-07-12,387.27851933481713,193.64752624573885,170.0523386463289,193.7051876931776
2022-07-13,382.4350954060674,193.48335318768585,170.59849868016295,191.9838185595821
2022-07-14,389.30034238462895,196.27505183190786,170.23338805342692,195.0008032922932
2022-07-15,388.1992051098567,194.4995492270275,171.38872424908254,193.97024426263724
2022-07-18,389.71077051976823,194.6868873726698,168.89163306637076,191.8686564321909
2022-07-19,383.4119009300151,195.78293122657982,168.58454819393575,191.54813482378017
2022-07-20,379.8282781991214,196.15128619879056,168.83512810117708,195.36652794379486
2022-07-21,382.08562437254966,195.14875321025696,167.77623159066115,192.05236458681716
2022-07-22,381.16915877814574,196.11485344143082,167.9855716456742,190.19170455753743
2022-07-25,375.74499484978196,194.03523894699754,168.13787603578982,192.9402097697855
2022-07-26,377.7456731500068,195.86469888749784,170.0660000938411,196.39587582595868
2022-07-27,374.6322725327039,197.2374382708792,171.7283978988229,196.2429586138667
2022-07-28,377.75094324202894,193.20914557690156,171.05925508491094,193.99724181215615
2022-07-29,375.787365457262,195.70905016820512,170.6638183771982,197.91669578685963
2022-08-01,368.65216009116165,194.200586672294,170.97855733889585,200.9609661559947
2022-08-02,363.5528492604229,191.63382295680643,171.02679526050264,202.29449862882097
2022-08-03,363.0900703256051,193.315947685591,170.81011101011865,200.78736885624863
2022-08-04,366.66539975853874,195.95739808805678,169.89322799375051,200.73419314253906
2022-08-05,363.6553680881893,196.40603497183852,168.95019758444582,200.47003076307203
2022-08-08,373.107402008113,197.94618013474897,169.09884714790348,201.13763535735544
2022-08-09,374.90702963192274,198.99763437494832,169.74151845669797,203.95482317404702
2022-08-10,386.38068470607755,199.53790738066658,168.49575228696472,205.69749876336857
2022-08-11,387.59812537997965,197.37621599282022,169.43591287817668,203.65447393948642
2022-08-12,395.8041450016219,200.09616254249167,168.07893937096685,206.36158233859234
2022-08-15,405.16202021800484,204.97100953178054,167.76713275162535,207.01414360133023
2022-08-16,406.7684087199532,206.3761496842504,168.73029637958956,208.40383081551042
2022-08-17,412.15385920057753,209.27233145958238,168.3770360822686,211.3538225114428
2022-08-18,415.9412212152586,211.98306254239185,168.65220256677782,209.18699808928636
2022-08-19,419.970319514041,215.73334945949043,167.65481699419374,209.15769153757833
2022-08-22,412.5066809184035,212.80331389751663,167.780818587326,208.15127762968896
2022-08-23,409.926546056431,215.08188530585593,167.3435070896923,205.13096838285378
2022-08-24,423.6559089658583,218.82458164384752,166.21594652786138,205.84493844536087
2022-08-25,409.55026838770664,216.97037121860612,166.6258333230365,210.83030132552574
2022-08-26,401.08654437857257,217.0794759725236,165.4089621786961,207.23737245019348
2022-08-29,388.67440254994705,214.61032113131643,165.58166217920623,207.2152799676132
2022-08-30,391.63487002613596,214.89844539149044,165.38363149556557,208.51463428739817
2022-08-31,394.1155665052083,218.48734892577858,164.8899030427323,208.7986978406415
2022-09-01,407.2318863164646,221.55752372314367,164.15498950598288,208.61700787355227
2022-09-02,404.96579536469096,220.13445782370675,164.07650610257687,206.11248112859178
2022-09-05,414.6259770935082,223.21262252741076,164.04730541419207,206.60734034879422
2022-09-06,404.46371889211207,219.15982756992992,165.41922747409976,205.17591858503707
2022-09-07,406.1508871983722,214.6874266265611,165.31548861547606,201.01375694029906
2022-09-08,400.98393238481106,214.44976215724995,164.095141470914,203.3359620197454
2022-09-09,404.6007722525327,213.83622739743632,162.90595066018372,205.22642952621672
2022-09-12,407.6669197880249,213.33571181622204,162.42695477962627,205.36737878846688
2022-09-13,399.87744277020795,206.0722368481545,162.7483963456473,205.85322852254242
2022-09-14,399.0159137833493,206.4323158433572,161.99932944016584,207.99482418986838
2022-09-15,392.63159921786706,204.1611884983458,161.11129751267322,208.47756194797418
2022-09-16,396.36918029147216,204.05665084078285,160.44349530947994,210.30776270489514
2022-09-19,397.8519386886807,206.06215887979272,160.51871784312542,209.7590444735492
2022-09-20,397.97228686672497,206.16037063232082,161.43421114632565,212.41777205229968
2022-09-21,405.6699640116464,202.45528389226098,161.04326323368338,213.1048954363461
2022-09-22,398.47264026674935,199.3229443543536,160.9749684691738,213.5383715049048
2022-09-23,392.5803656651825,197.99580842258226,160.06750503601324,211.03289166266188
2022-09-26,397.0987528099891,198.18873841087338,159.73981694804738,211.64786862584506
2022-09-27,404.1354707004791,198.01254206354707,159.2112997525585,210.03224662549525
2022-09-28,403.3861380785213,198.70557978360398,159.63557635852555,208.81073804983657
2022-09-29,408.52616890071107,197.43036419530037,158.02657752861316,207.24923842383785
2022-09-30,412.60538434576847,192.72118378408857,157.9285270719527,205.21240381878368
2022-10-03,409.96007929682384,193.74675374741543,158.27158924724074,209.4156795757193
2022-10-04,407.8357690298483,189.99016848254948,158.79277614818272,212.1088441223432
2022-10-05,412.8677807868576,189.27194886793225,161.69808462110151,216.03571442197088
2022-10-06,405.6653713365245,187.82619166410208,162.45308586001656,213.59610661681253
2022-10-07,414.80821811555955,193.61395527029475,160.8052339407227,213.78237895152378
2022-10-10,412.7253087860969,191.5804340644043,160.70671501207931,211.22723377574928
2022-10-11,405.10818314623526,185.4986201240184,159.15049378481237,209.8848832319103
2022-10-12,403.63844340309277,186.28196906354623,159.01103677056716,208.11319397722258
2022-10-13,398.07250557310704,189.19843360158674,158.22365297725682,210.60693188312865
2022-10-14,397.54713326651506,191.02435945253208,159.21841850173297,209.86152495629818
2022-10-17,397.48237074864176,192.5670306442289,158.48277252332187,212.03292235418348
2022-10-18,402.5314219775138,193.17429715603527,158.13583403545687,213.28906861276377
2022-10-19,393.5508356246639,193.75671830004802,157.68049224102003,218.0259577941405
2022-10-20,392.64397246569814,191.23478873413757,159.61029734279114,215.0419460370909
2022-10-21,395.34021169109405,191.69285436738042,159.38469005763116,217.6591169710119
2022-10-24,376.56851302669577,188.727039742187,161.9888699178246,220.07346359082865
2022-10-25,371.66634718276816,188.04513528649716,163.32559641604584,218.1018734928341
2022-10-26,383.3268591831015,195.1929629790323,163.38473654410325,220.23104315731922
2022-10-27,386.15848006475284,198.92362187300645,163.23643628271978,220.97550880619818
2022-10-28,392.5457293677864,197.72116985392123,163.7330714396772,220.54479795399195
2022-10-31,397.48063281140725,198.83753792784873,161.5799758354597,218.87784607531486
2022-11-01,396.2575684492393,196.43947975030048,161.2055040238643,217.4387628558825
2022-11-02,411.31174749779035,200.8592374486673,161.08066338737854,221.73535523119284
2022-11-03,419.8495989481393,202.29718301798846,160.68037267341617,221.7807856385025
2022-11-04,419.9579793406742,201.26679397806672,159.3144859234494,223.47024841607953
2022-11-07,418.0423053801903,199.9449275265208,159.57597787736543,221.85042742989742
2022-11-08,406.3078186472427,195.7812007018388,161.82685301783724,220.26533757025067
2022-11-09,408.4521925129641,198.2209409648517,163.0462258816402,222.57299331325882
2022-11-10,398.88340948284156,197.00788767004715,163.2389234347665,219.7963033974454
2022-11-11,392.0271936285557,194.6159808201976,164.69776017146444,218.97908767185876
2022-11-14,385.5083786452762,193.0567520224636,164.54028828745453,219.09297359397067
2022-11-15,377.8250031711648,191.57621981977647,163.1457895282355,219.3671832227881
2022-11-16,391.21556217392714,196.05858683515305,161.6616209810087,219.03972406090384
2022-11-17,400.5442296200861,196.2457578769219,162.9830867723162,219.9041258652817
2022-11-18,403.58974502870797,195.2261773493017,162.7142234956393,221.39245565466206
2022-11-21,406.29188537764765,197.44626692293187,161.99434324709708,222.97887344927074
2022-11-22,405.6405462134114,195.38269141410993,161.67318552658753,220.95531165155188
2022-11-23,407.2634959237415,192.60669266622315,163.91589704129132,220.40656657921215
2022-11-24,415.8212145818883,194.57648339054123,165.109493574893,222.95316597110008
2022-11-25,429.7680990786045,197.16751948145802,167.26294254966973,224.89053334614763
2022-11-28,426.7037440586647,195.9189206253914,167.45233267880965,222.03607653311593
2022-11-29,427.04025426683637,196.04848149312576,167.83824932118412,222.8189283554425
2022-11-30,421.54157627105934,196.10543710034963,166.54358518485537,218.73597354792696
2022-12-01,415.6120291407385,193.57452520517762,168.5758012175684,218.87642651996566
2022-12-02,419.952138801737,195.99880869405243,167.0404302308673,222.8809859165408
2022-12-05,433.466775893702,199.347558408114,166.6409757446273,220.9374438545342
2022-12-06,431.18370571913454,197.44692601049186,165.96642002938302,219.2460034724447
2022-12-07,430.7726170495244,197.56426413091071,165.17558766277182,220.87837672145176
2022-12-08,421.59808020368297,192.35961521062293,164.53036633118515,217.72494089439073
2022-12-09,411.13429607127995,191.4190649775982,164.07098919378143,216.46999936378526
2022-12-12,410.9068327759138,192.93393436710778,163.7182359496799,217.7366311580675
2022-12-13,402.13601609807574,193.13842925774748,163.44558756089603,216.47849089054958
2022-12-14,393.30857801920047,195.00490409012923,164.29961006538818,216.03920571936328
2022-12-15,391.45164776696026,195.80409225100223,163.44108977014568,217.60689604600609
2022-12-16,404.05275825159316,196.56584285459223,163.58946587301227,218.5187568697499
2022-12-19,404.16811370556286,196.9504741164018,164.87571998638674,219.1138514160362
2022-12-20,407.142101366684,195.59015264353388,164.4318318676593,218.45618597391996
2022-12-21,403.4807689381881,193.58809183543383,163.99694496712797,219.26491013761662
2022-12-22,400.64375948328757,193.76365406566077,163.9576595539968,219.05216173549744
2022-12-23,408.79935079010806,197.2992767997653,164.9410366644419,220.0454579376474
2022-12-26,410.34190182526794,198.07921512345118,164.98722272473958,219.05810153025374
2022-12-27,407.14240652636397,195.6966114314483,164.7675768103895,218.72392026060905
2022-12-28,409.4671286518052,196.00320897922498,165.24750410451574,216.7304655535508
2022-12-29,410.53595228923973,198.51456764892114,163.86728466685395,216.70177708017036
2022-12-30,407.20718925755426,193.20872116878803,165.13228501119994,215.09015891173667
2023-01-02,409.47216621344097,190.39059325352144,165.3878284583529,212.88006823785426
2023-01-03,403.24381399628356,188.46751331603014,165.29611062923172,213.44335429946943
2023-01-04,408.8131737266442,187.5343803798225,164.2473842268762,213.91528938401237
2023-01-05,401.4767859634782,185.54145020049657,163.59170710534212,215.54634982676907
2023-01-06,393.3725134859613,182.43572056266612,164.74710105176604,214.71265069336005
2023-01-09,386.0941438610456,179.185138226806,166.57864814840795,215.5848948266415
2023-01-10,391.3429817284204,181.69486472654856,165.90507300562416,216.75284385902032
2023-01-11,395.0014085517626,182.76746440160468,166.30824147599898,217.70890366283794
2023-01-12,391.0036414664579,181.88826483109855,164.4429315374456,216.05987857622188
2023-01-13,397.9595021964889,184.06594272781982,163.63898762274616,216.40796428769528
2023-01-16,396.5066615710233,179.6415827006996,164.1612442233021,217.19695419508577
2023-01-17,399.01715182790394,181.30847644653687,163.25442633203318,217.2547890266284
2023-01-18,393.68125074303657,179.34285623561468,162.697317386751,213.05574812206294
2023-01-19,385.3735575715098,179.47084214614225,162.23528044576273,213.42143027111922
2023-01-20,381.45595464569703,177.97681279491974,162.52836192733864,217.97352767798466
2023-01-23,376.6290996377686,174.3166577554785,162.62587770565875,217.27633663834237
2023-01-24,372.740405560532,175.08865605904074,160.48186750855044,215.8294936946473
2023-01-25,376.8517223385686,177.38730969938075,158.04317700901933,216.63522317978868
2023-01-26,374.8435890206893,175.1871767912945,157.63121270552384,217.31872380553435
2023-01-27,381.20286984600597,175.27800806859472,157.83166060900507,219.82543407448728
2023-01-30,376.1369403213248,175.3524934795863,155.4835337177357,217.27121801564124
2023-01-31,380.93522395447286,174.46839933051092,154.83983631320112,218.82136941806178
2023-02-01,388.22853344877524,179.4455087282994,153.89216487507434,220.08924187840552
2023-02-02,369.11645931569007,174.2255781787207,156.02249126294112,219.83743978989452
2023-02-03,362.1829597437828,174.0731723515213,155.90199931340058,220.58587397782568
2023-02-06,364.46888541347,174.5895994165159,156.10753668787888,222.78628345624287
2023-02-07,359.1083838651932,175.31723488596953,156.31920182379324,224.6747857736529
2023-02-08,363.4518510867849,175.17852686301083,154.12986570284494,222.3053429290429
2023-02-09,367.3184513389787,174.09495480891516,155.07390340097575,224.07930616366906
2023-02-10,373.0300907723464,174.4098299621267,155.26673950692458,223.98681699111867
2023-02-13,371.81380824043623,172.7482171247143,155.8223741811847,224.18558327504957
2023-02-14,383.6748876704498,175.83489578176042,159.36117829584572,224.3852105544065
2023-02-15,385.8477031442493,175.55913845029602,157.21192190109795,224.11134735451688
2023-02-16,386.3459403667712,175.85594137791676,158.83137838115474,226.6942072861406
2023-02-17,382.21518916211716,173.79140191635585,158.68405954449477,226.55989729648277
2023-02-20,379.082295846251,169.27700417510985,159.13604106248994,224.22030058965518
2023-02-21,375.8682238939719,168.44773881022536,159.2375168677388,223.43241138517132
2023-02-22,378.7233304397879,172.79738255135754,158.69666455192007,223.85440827264185
2023-02-23,377.84328728091947,173.45483239262776,158.27056679601657,226.5145719381361
2023-02-24,379.5345529611137,173.9942359583127,158.5169019225501,227.85430235653712
2023-02-27,391.3578972602605,176.98219342373122,156.36799544143793,226.07527288416387
2023-02-28,401.07837438121334,178.52956248444366,156.8448620458518,231.4929130320813
2023-03-01,404.1021375250381,178.98678106730478,156.54546725065765,232.1188590641436
2023-03-02,403.69837612885897,179.17731727869457,155.07119676425305,234.97973736040456
2023-03-03,390.94700154228224,180.403760994924,154.76761428770016,234.68968037903244
2023-03-06,385.81950536339707,178.36468210005944,156.64456500019358,235.92225347520537
2023-03-07,375.8384656693058,177.9954666315873,156.44151714735168,237.84827271962774
2023-03-08,366.93597136496174,175.8189499755974,157.39222287191112,240.64967170549488
2023-03-09,361.05314390751016,175.41085742261336,156.78860101441347,243.1143322087704
2023-03-10,354.36818812627564,176.60182957013944,157.542470738653,245.17487594463373
2023-03-13,364.0815945739404,180.34500653982204,157.70395032063632,244.49451086963094
2023-03-14,368.93676803468645,180.43282458420487,159.45629580352713,243.22544699513233
2023-03-15,365.98628901093707,179.28823712588095,159.35926425484604,244.0394852269639
2023-03-16,359.58134336801123,180.91449887397508,159.77611319140195,246.24960625904876
2023-03-17,348.3961711102693,179.90918917794122,160.59290595876905,245.78067691282828
2023-03-20,351.2302885115264,178.4505760854258,161.84250513860718,248.31619718576084
2023-03-21,349.09505666579093,177.50059020823525,160.87260374479774,251.79802384733424
2023-03-22,343.978037221851,175.5258871665519,162.11761383161192,249.67679647107647
2023-03-23,349.00607238694926,177.54000013181803,161.55847395592178,247.75925351408733
2023-03-24,353.00866555440797,178.47311243059198,161.39339829878722,247.4799369241305
2023-03-27,352.05331870656045,178.30911733842944,161.63043472299955,248.2495760052178
2023-03-28,351.28722069958906,179.09422459229924,161.6922619478821,247.07114097865994
2023-03-29,366.13374668179716,185.33305120718424,160.8513101499548,250.29790847649016
2023-03-30,366.64302971375616,183.15622167191358,161.01995152875824,251.3527447800475
2023-03-31,367.97742254215814,182.35103857085747,162.55755043998195,251.49634647571423
2023-04-03,362.5549973473197,181.55444272254235,163.7298174264111,248.15630395903332
2023-04-04,357.46825385309864,177.69742272351806,164.91851611796363,245.13863985178247
2023-04-05,357.88503107962407,178.87212931696706,164.18276973924947,245.83919122431502
2023-04-06,353.8904753759148,180.23941487148318,163.5550746293913,240.98264202878534
2023-04-07,361.2865168144104,180.50909652756656,164.5284534444684,243.3478358155802
2023-04-10,354.16782373013206,180.22096329516958,165.6068263627761,243.03266113651927
2023-04-11,350.2636065948416,179.11851955045526,167.00011554974512,250.6452525825776
2023-04-12,357.76034844383315,178.8024731887752,166.26476829211603,256.22213281260196
2023-04-13,361.75293733585994,180.00370943325333,165.6901461325192,255.83396368149465
2023-04-14,357.2445970364196,178.7971910613363,164.1647924782509,255.62774807684576
2023-04-17,360.5394216430323,180.51125663981878,163.85751142777764,258.0950817430564
2023-04-18,354.29684011219445,179.9302839161868,165.2222598053708,262.3343754061441
2023-04-19,359.92248078162356,177.58253957524815,164.89362780969842,258.35650282709383
2023-04-20,364.61607525124555,178.69349329295846,165.44514275716475,254.0825403380975
2023-04-21,366.31929183885205,180.8278793328127,165.00647074796413,252.6436284278555
2023-04-24,371.3617582042604,181.2664671370129,165.65866483241697,254.0890199188485
2023-04-25,373.1161654834932,185.37864814969757,164.18921208982823,255.33543307170663
2023-04-26,382.7161270322636,186.10587960276462,163.84224366829403,257.980733908767
2023-04-27,386.25948293180943,185.59231354010785,160.6605619210813,255.1233730290598
2023-04-28,401.15043873110994,186.79646448178664,159.87974664435757,249.65005426013835
2023-05-01,404.7300600496274,185.24114454359886,158.50047009192448,251.7322541311101
2023-05-02,399.25188990602214,184.05530583503986,160.1167069192967,249.81951885540002
2023-05-03,387.9581467123532,182.83829032624425,161.48571095777987,245.1485192061745
2023-05-04,397.3732242781561,185.3161901099045,161.48679450774372,245.53349259457005
2023-05-05,397.90467512541636,186.00970098525792,162.83788355872716,247.42972008940544
2023-05-08,406.95238850146933,186.28984573978335,161.89496022136268,247.19355757593274
2023-05-09,409.327766089799,185.5130159032614,163.60487059845116,246.17528325463255
2023-05-10,402.59790002577296,187.18369661635677,164.94902317518452,245.85363935541872
2023-05-11,415.830808841575,188.78160638784072,163.90940409472054,245.04285941634845
2023-05-12,410.7290243275222,189.43574679274866,165.05325854738203,241.98934504081035
2023-05-15,407.27581192201086,193.16559145855405,163.8808213966904,240.4083681887487
2023-05-16,416.70910295791504,194.57282253019414,162.8049776280726,241.6433928995661
2023-05-17,416.4948737749962,195.21986253839492,162.03563861156488,242.4270997302703
2023-05-18,413.2178316333669,195.1280154985729,161.43382973389276,242.86056549677943
2023-05-19,412.13891977206885,193.56579550204677,160.62615474203733,240.63532603713853
2023-05-22,420.3318399700652,196.8879744200439,161.72550017881974,240.27064765861692
2023-05-23,433.76796219497356,196.51389997301698,160.86489060420294,235.42515932928947
2023-05-24,446.12108851379946,201.750621256046,160.7987533599252,235.86932093756855
2023-05-25,451.3851697921903,202.244987073944,159.7217761369776,239.12293110520145
2023-05-26,442.0697480741744,200.97770904817082,158.0712939265269,235.86201436155068
2023-05-29,444.56589926441114,198.57538547166052,158.66350158165966,234.60631774445525
2023-05-30,442.7418562679168,199.5159331936064,156.8123966001932,235.38372273294294
2023-05-31,442.2368710668697,196.95362922438753,156.73639926277747,238.23407720840177
2023-06-01,455.12547327424505,199.84835325864765,155.0606760527631,237.27428584528025
2023-06-02,449.14719763699964,200.50641109377602,157.55571436268033,235.7740799345503
2023-06-05,460.21151573749813,200.9903577143305,157.9881657959086,231.47407862389056
2023-06-06,470.8842223604424,201.174912439452,158.1527565985958,231.74640849917245
2023-06-07,465.61112730537855,199.36982209218758,159.5623561454475,236.30844560358577
2023-06-08,465.1636394871187,198.43773247972464,159.0449330784074,236.97558723866945
2023-06-09,456.74019366247757,195.66760828575718,160.12890058085836,236.97271893497972
2023-06-12,463.08423096690035,196.14130069323966,160.0762898875083,237.74218470935358
2023-06-13,471.8182256079877,197.24855572015562,160.32870198284257,237.76443915939777
2023-06-14,467.62554889577035,198.2313275128348,162.04598262914237,235.99168729816697
2023-06-15,463.59731312788506,195.7350918361288,163.22728401745695,237.88188233740706
2023-06-16,467.6711694329738,196.51811282120713,163.64394738976114,238.43718880943095
2023-06-19,475.670643947963,197.36149121021165,161.41669816859243,238.52419664945836
2023-06-20,470.273488149115,195.37729888952904,160.5362407102033,236.38287181962883
2023-06-21,457.01398815499135,193.6858130387721,160.90466645762532,239.35988960756376
2023-06-22,446.3231657667724,195.9346404876032,161.08799689187538,240.915800483407
2023-06-23,455.4989378074507,196.1990421150624,160.04190076389696,239.70794793479016
2023-06-26,436.0793638955271,191.09364545383625,163.38030074649308,242.03590102653712
2023-06-27,435.14915693804454,191.12650155270111,164.97610392398877,240.94841783647217
2023-06-28,433.0361906833991,188.76377688080055,165.6893325526328,239.22201432154884
2023-06-29,438.5701869858621,191.09303091147996,165.54366034294267,237.55803320097115
2023-06-30,452.8926987291671,195.94798840603548,164.72201793054737,233.66193110203858
2023-07-03,463.8749800209241,197.28869392994233,163.37835514914423,234.75194447258087
2023-07-04,459.85711678452276,196.1284011245042,163.55570155525356,230.77082562168857
2023-07-05,453.38896933877015,194.7706028292354,164.1941226343273,228.1528572280652
2023-07-06,469.51540794883135,198.70037322662463,162.0879961849998,223.76620525554068
2023-07-07,469.01062052107847,198.82292100095736,162.41992293843182,223.6286605415513
2023-07-10,477.9313592383499,202.69949842279988,162.26620824927105,223.35555720998752
2023-07-11,480.84518106244315,202.34936165959382,160.34495884175945,222.71130855782155
2023-07-12,486.37448416530117,202.2056081451469,159.42449892068637,220.57181462785633
2023-07-13,489.56114286894376,200.92703688526328,159.06497199290615,218.18540361991415
2023-07-14,493.00385344300173,201.34278735055253,161.16205858400298,219.1883645270737
2023-07-17,491.22658417031926,200.16773962243158,161.91461921676893,218.09432616968238
2023-07-18,484.5261808171144,199.09872898001868,160.57818621153226,218.7906586134169
2023-07-19,483.96459489453264,200.58330283193848,161.25526454025157,217.01120209888174
2023-07-20,476.86446348959987,201.94604767041739,159.928404576685,217.42593625797448
2023-07-21,475.1531896417246,201.20615522170368,160.99812893847997,220.16373118291173
2023-07-24,477.22917381065946,197.59919781654463,160.61238877834475,221.43047577443107
2023-07-25,493.06980950957706,202.21448146241067,160.04501961044792,220.61302078857562
2023-07-26,478.1999081471515,196.38934700104133,162.25478867276613,221.1937123437471
2023-07-27,486.62156506319576,199.84902421523307,160.6030086093003,220.73506568664837
2023-07-28,503.79032694221877,198.7542450721895,158.8088685933931,220.79530664311454
2023-07-31,493.1871778991819,196.75265747323158,158.8929798200929,220.1607002732421
2023-08-01,505.93723526062786,194.19222105771638,160.05483694689786,219.86271447368182
2023-08-02,507.3213991756216,194.92543290363867,158.65744373266904,220.34749720598307
2023-08-03,489.7030754773741,192.62440155292373,156.30052617195673,218.33222884311365
2023-08-04,489.6669605223911,189.804711078776,156.108807980019,216.28936161594729
2023-08-07,485.6827785746736,187.36856764842506,157.0099361341613,213.51243341630968
2023-08-08,503.58693714681783,191.6302331827146,157.6574333560536,210.3499009587722
2023-08-09,513.5569190716726,193.56037485288485,156.9134821557574,207.98553034094104
2023-08-10,521.1554855706379,196.9311820139534,156.11903759913986,208.34048810239798
2023-08-11,519.1366365800586,201.8342426020035,157.0404432780519,206.63130440205933
2023-08-14,511.4600452701353,197.18784937034383,155.56167211454928,207.67776676432106
2023-08-15,503.9889572845749,199.21117476663093,155.35345808427218,207.78712268631833
2023-08-16,504.2047426608172,200.40833719458286,155.39694080464633,203.99834952625093
2023-08-17,500.57657919124415,196.7823146471225,156.22790443314847,205.30552869371445
2023-08-18,514.7497079188794,195.8697042337364,155.51426090989435,206.92553479572734
2023-08-21,515.998034547556,195.25095416432487,155.63197629951893,205.03204549380015
2023-08-22,507.4392367888404,196.31240702568348,153.33541765564703,205.88857738538067
2023-08-23,514.7930703198026,197.48208893609984,152.49294711835205,204.26954098356478
2023-08-24,524.9185116991482,201.06740905949115,152.80241841476018,204.49871913492203
2023-08-25,519.6442558952359,197.99864427599294,151.97846194809372,202.10992608271087
2023-08-28,526.6489773718073,200.18748705570962,151.69179028256903,198.75380285767133
2023-08-29,520.4421037142284,196.20235422458654,152.4576683933358,198.07544975758816
2023-08-30,520.2827556219679,198.05875394878808,151.95072527637416,197.88326805103057
2023-08-31,528.2615378084242,200.8162020563511,151.94262134125404,197.1801926837157
2023-09-01,526.10396780915,199.64887713235632,151.126382022359,195.0251198269805
2023-09-04,531.122449032927,195.81987361110532,150.84030684644492,194.32812409447249
2023-09-05,518.6092912739484,194.0967188177259,151.809581462803,194.86189961494372
2023-09-06,522.3677422279249,196.6039552932136,151.688156620513,194.81790738290863
2023-09-07,525.8793139584375,197.10953249786445,151.19355912181348,195.19288028132033
2023-09-08,520.9448635044681,198.4665296385168,151.57458115709147,193.99931314719583
2023-09-11,538.1974733896602,198.59797840270522,151.94831595289122,196.1980728839393
2023-09-12,531.8295709672112,198.6628658677485,150.21907898743575,194.0681418803101
2023-09-13,524.7141832632395,198.36660282002808,151.75573257409982,195.00296599200055
2023-09-14,520.8229918479179,192.69109118936893,151.91578266393816,197.2320594960934
2023-09-15,516.9786522734648,194.42146875914486,152.1479903992197,198.1696673382115
2023-09-18,499.78628416906554,191.46879309349188,153.7019782425489,197.8300459160534
2023-09-19,502.388921465288,194.50655137071064,151.8547160675932,196.88401184165136
2023-09-20,497.3357395562155,191.609898157248,151.81734135468184,198.86044627973175
2023-09-21,504.96765646860706,193.85287700432258,151.0372576166422,196.24342781187585
2023-09-22,521.225789294452,193.19620966635833,150.2388521223908,194.49130687367776
2023-09-25,517.8873565895798,193.2150671937739,151.92818196607652,193.80050635769933
2023-09-26,516.0524750938606,190.5620478445166,151.28411890883703,196.1191639243962
2023-09-27,527.9246113528939,189.55151317239003,150.64420687858663,196.86325157332413
2023-09-28,540.0016575119714,190.75320023834516,150.85855222429362,195.1094285711771
2023-09-29,560.3115736330743,190.84194615098878,149.3992527804194,194.57678250389532
2023-10-02,569.1476927732987,192.29233199046206,149.00208652087287,193.4889603579198
2023-10-03,577.1995535326622,193.46874783651953,149.2642941693749,192.23373387374937
2023-10-04,579.0054791063208,190.05055587250064,149.06880376598355,194.05857474544453
2023-10-05,584.153888319937,188.94743912818947,149.00690193070287,191.5974781977881
2023-10-06,583.3206665066233,191.6051938432876,148.42823742167988,194.57090885152056
2023-10-09,566.8816126913999,187.17784658325485,147.53135212222531,196.13851409674803
2023-10-10,558.2965646708781,184.28743991152436,148.23842766381915,198.21002499578356
2023-10-11,562.7798926225993,186.40615244903654,149.67249402351402,197.38403479528236
2023-10-12,561.6606550879153,188.11272376461602,149.64753613889846,197.14368973394065
2023-10-13,565.2805966027613,187.51033962352034,149.92404734949636,194.53055645499583
2023-10-16,571.937622778562,186.68023403308985,150.58304677160734,193.6069498645994
2023-10-17,575.4375726042123,189.75549188039446,149.28878603801903,194.5507559031983
2023-10-18,581.6664114922112,191.88207687512764,151.07040594774344,196.98707989889934
2023-10-19,569.5956648507137,192.32291337969554,151.50766252407348,194.97569435196166
2023-10-20,570.2627591026074,192.93583409976372,153.0222431223995,194.3420231408167
2023-10-23,559.7049539530971,190.01269858355397,152.62461502274428,194.102890548151
2023-10-24,551.5251364670934,189.44678620750705,154.2657347627548,191.59769334650184
2023-10-25,540.3949072342429,187.552702842278,155.5588164946046,192.7095174864974
2023-10-26,546.8984562349889,190.12448452708668,155.78992461694023,191.4336572896804
2023-10-27,559.7967495714649,193.4386058698791,155.88156665245577,191.1184626122308
2023-10-30,565.9781146354595,195.13033178269313,155.5672222773999,190.34179011579164
2023-10-31,566.8033069180998,194.40095905226082,156.44965110742223,188.96488730067964
2023-11-01,590.7498858979478,199.3089686123746,156.0765392047781,188.9898028000171
2023-11-02,606.6676019321627,199.50719789926498,153.85113144444028,188.64258760317435
2023-11-03,597.8039183086146,195.69610364529873,153.34474758612413,188.01821375836295
2023-11-06,587.7880162788508,194.01202767717612,153.56687227810593,186.76552203372967
2023-11-07,577.8110765812286,196.48060941144863,154.06854749632208,187.36743354296144
2023-11-08,576.1753807332151,202.12620814674136,154.0146932440498,190.35584737627107
2023-11-09,587.3269012875566,204.29578008266412,155.05044759473552,190.6454507514624
2023-11-10,595.025040802806,202.77324497473003,153.38794203241554,192.48654772543418
2023-11-13,607.1722904620169,204.21022090725427,153.4784726960609,190.0122074067786
2023-11-14,599.0314941874616,204.55701159206785,151.96921006863346,190.33343169725316
2023-11-15,587.9186435903283,202.9951047978772,152.89413531228135,188.40741036662808
2023-11-16,579.5297546834025,203.77593166034475,153.2427233821063,185.83319651535064
2023-11-17,562.6165060528903,202.63529269495186,153.94138301098909,184.576034189423
2023-11-20,556.0709235808678,201.19993615698368,153.52944394360745,186.70359219121298
2023-11-21,549.2278814557714,200.749123544267,155.08339918215884,188.4245213215934
2023-11-22,553.894818342828,203.55243405609008,155.7850299918725,188.8951502986699
2023-11-23,538.5914537286682,203.45495480351613,156.66517316849578,186.21610507284757
2023-11-24,559.566873638444,207.33984920663116,155.7246330199457,185.90793710655052
2023-11-27,560.1281644730922,207.37778090801913,156.1495877941228,186.475674549435
2023-11-28,554.7079579780693,205.85459306125748,155.4075179274065,186.8222954570597
2023-11-29,532.4201873787832,205.20053131074218,156.52505169800048,183.63205864745467
2023-11-30,537.2634858435786,208.06008144447875,157.94790330328027,182.12982812312586
2023-12-01,544.6119150003948,207.96091497143513,159.20931589076335,182.0557044847916
2023-12-04,556.021229320096,211.4276167141272,158.44994722074574,183.01691757221934
2023-12-05,571.0311238122166,216.4892594206034,158.0093718350877,179.2937549179314
2023-12-06,567.1407283444835,217.72677901779562,156.76682151775424,179.0548233734648
2023-12-07,578.5481290799031,218.02797016552915,156.98114601619733,179.3325908599157
2023-12-08,567.9496074833137,216.0581743585966,157.65823872645382,180.8139537290078
2023-12-11,570.1474518054068,217.46408111361072,155.83222270974767,182.0377210604401
2023-12-12,587.8930841738925,222.76693723849584,154.15812002646766,183.07888369619312
2023-12-13,591.9974944762974,221.08730694002963,154.08558632837241,181.73631244946773
2023-12-14,604.9240593698173,224.7312163037145,153.24640492614623,178.52457930908182
2023-12-15,609.2970390941273,223.30874006331064,151.87710451143124,177.8980625946033
2023-12-18,599.9418214450644,221.63042034141023,152.4300782629894,179.62541378779224
2023-12-19,599.5991317231069,224.8024817600139,152.48776368313085,182.04228010546225
2023-12-20,605.7034528225564,228.0841876040463,152.0142874640808,183.3050012523466
2023-12-21,613.3018911604954,230.53285180111456,151.1131511656009,184.08668138025234
2023-12-22,608.5269261620381,227.5493509099049,152.60221482369738,184.78489360895412
2023-12-25,598.4940227042132,226.22996449953254,154.43542367933279,183.85290265607287
2023-12-26,607.1991930019582,224.56556118848016,154.05103954446676,183.66353219289562
2023-12-27,605.4246285535249,225.9531571332977,153.49002765363716,186.62011714606598
2023-12-28,610.389835845765,228.21615204561465,153.7837845340557,185.00209849509852
2023-12-29,607.2546612251596,229.7285852386977,153.39187046666783,187.88382248318374
